users;request;count;p50_ms;p95_ms;p99_ms;max_ms
10;GET калибровка;7;9;11;11;11
10;GET качество сценариев;7;28;37;37;37
10;GET обзор занятия;7;18;40;40;40
10;GET обзор занятия под нагрузкой;1;50;50;50;50
10;GET отчёт занятия;7;88;94;94;94
10;GET профиль обучающегося;7;42;109;109;109
10;GET результаты обучающегося;10;44;69;69;69
10;GET рейтинг обучающегося;10;26;53;53;53
15;GET калибровка;7;8;9;9;9
15;GET качество сценариев;7;13;39;39;39
15;GET обзор занятия;7;15;21;21;21
15;GET обзор занятия под нагрузкой;1;43;43;43;43
15;GET отчёт занятия;7;76;97;97;97
15;GET профиль обучающегося;7;28;47;47;47
15;GET результаты обучающегося;15;31;59;59;59
15;GET рейтинг обучающегося;15;22;32;32;32
20;GET калибровка;7;7;8;8;8
20;GET качество сценариев;7;12;14;14;14
20;GET обзор занятия;7;13;19;19;19
20;GET обзор занятия под нагрузкой;1;97;97;97;97
20;GET отчёт занятия;7;85;90;90;90
20;GET профиль обучающегося;7;25;33;33;33
20;GET результаты обучающегося;20;45;86;87;87
20;GET рейтинг обучающегося;20;25;41;51;51
25;GET калибровка;7;7;39;39;39
25;GET качество сценариев;7;12;17;17;17
25;GET обзор занятия;7;14;22;22;22
25;GET обзор занятия под нагрузкой;1;99;99;99;99
25;GET отчёт занятия;7;106;117;117;117
25;GET профиль обучающегося;7;24;31;31;31
25;GET результаты обучающегося;25;65;93;93;93
25;GET рейтинг обучающегося;25;25;55;56;56
30;GET калибровка;7;8;10;10;10
30;GET качество сценариев;7;15;17;17;17
30;GET обзор занятия;7;17;83;83;83
30;GET обзор занятия под нагрузкой;1;182;182;182;182
30;GET отчёт занятия;7;141;334;334;334
30;GET профиль обучающегося;7;27;47;47;47
30;GET результаты обучающегося;30;101;171;172;172
30;GET рейтинг обучающегося;30;61;140;160;160
40;GET калибровка;7;7;11;11;11
40;GET качество сценариев;7;12;14;14;14
40;GET обзор занятия;7;14;19;19;19
40;GET обзор занятия под нагрузкой;1;56;56;56;56
40;GET отчёт занятия;7;172;260;260;260
40;GET профиль обучающегося;7;27;33;33;33
40;GET результаты обучающегося;40;69;133;143;143
40;GET рейтинг обучающегося;40;29;66;73;73
50;GET калибровка;7;7;16;16;16
50;GET качество сценариев;7;13;14;14;14
50;GET обзор занятия;7;16;18;18;18
50;GET обзор занятия под нагрузкой;1;115;115;115;115
50;GET отчёт занятия;7;219;244;244;244
50;GET профиль обучающегося;7;24;29;29;29
50;GET результаты обучающегося;50;74;158;160;160
50;GET рейтинг обучающегося;50;41;96;97;97
60;GET калибровка;7;7;9;9;9
60;GET качество сценариев;7;13;19;19;19
60;GET обзор занятия;7;16;37;37;37
60;GET обзор занятия под нагрузкой;1;101;101;101;101
60;GET отчёт занятия;7;289;408;408;408
60;GET профиль обучающегося;7;31;82;82;82
60;GET результаты обучающегося;60;108;229;231;231
60;GET рейтинг обучающегося;60;57;101;122;122
100;GET калибровка;7;7;10;10;10
100;GET качество сценариев;7;14;40;40;40
100;GET обзор занятия;7;20;25;25;25
100;GET обзор занятия под нагрузкой;1;276;276;276;276
100;GET отчёт занятия;7;485;652;652;652
100;GET профиль обучающегося;7;23;28;28;28
100;GET результаты обучающегося;100;148;260;279;325
100;GET рейтинг обучающегося;100;78;188;249;264
