cohort;session_no;trainee;true_ability;mode;total;address;classification;services;timing;language;syntax_errors;issues;critical_issues;assess_ms
cohort;1;sim-851755b0;1,30;CARD_FILL;83,20;80,00;100,00;100,00;46,30;85,00;3;8;1;109
cohort;1;sim-20db7b31;1,73;CARD_FILL;97,90;96,70;100,00;100,00;100,00;85,00;3;5;0;29
cohort;1;sim-0830fb97;0,20;CARD_FILL;54,20;66,70;33,30;56,70;45,20;55,00;9;24;6;33
cohort;1;sim-530c544f;1,95;CARD_FILL;96,70;96,70;100,00;100,00;92,00;85,00;3;6;0;38
cohort;1;sim-243c2354;1,48;CARD_FILL;76,60;93,30;33,30;66,70;100,00;85,00;3;6;2;32
cohort;1;sim-1ef5d25a;0,42;CARD_FILL;88,40;91,70;100,00;100,00;53,00;75,00;5;9;0;22
cohort;1;sim-a0dcd876;1,86;CARD_FILL;93,50;96,70;100,00;100,00;70,40;85,00;3;6;0;28
cohort;1;sim-894eca37;2,34;CARD_FILL;95,70;100,00;100,00;100,00;76,30;85,00;3;4;0;19
cohort;1;sim-311e00df;0,59;CARD_FILL;65,20;81,70;33,30;66,70;58,30;75,00;5;15;3;19
cohort;1;sim-d0167b8e;1,23;CARD_FILL;86,90;86,70;100,00;100,00;56,30;75,00;5;8;1;27
cohort;1;sim-07e5c74f;1,87;CARD_FILL;99,30;100,00;100,00;100,00;100,00;85,00;3;3;0;20
cohort;1;sim-3b51bb35;0,57;CARD_FILL;74,20;78,30;66,70;77,80;65,20;85,00;3;13;2;34
cohort;1;sim-f3a84bdf;0,90;CARD_FILL;97,90;98,30;100,00;100,00;95,60;85,00;3;5;0;18
cohort;1;sim-d082092d;-0,73;CARD_FILL;64,90;80,00;33,30;66,70;67,40;55,00;9;15;3;18
cohort;1;sim-83ef945b;1,73;CARD_FILL;83,90;86,70;66,70;83,30;100,00;85,00;3;5;2;16
cohort;1;sim-c750b2ff;1,50;CARD_FILL;75,80;85,00;66,70;72,20;68,10;75,00;5;19;4;16
cohort;1;sim-09524929;1,37;CARD_FILL;80,10;78,30;66,70;83,30;100,00;75,00;5;8;2;16
cohort;1;sim-13211190;0,54;CARD_FILL;63,10;78,30;33,30;55,60;68,50;75,00;5;25;5;16
cohort;1;sim-edde3499;1,82;CARD_FILL;79,40;96,70;66,70;83,30;43,10;85,00;3;8;1;22
cohort;1;sim-d40e4eb0;1,78;CARD_FILL;89,60;86,70;100,00;100,00;74,30;75,00;5;8;1;15
cohort;1;sim-2533ce4c;1,67;CARD_FILL;76,90;80,00;66,70;72,20;92,40;65,00;7;21;4;21
cohort;1;sim-3351c542;1,62;CARD_FILL;57,60;86,70;0,00;40,00;74,30;75,00;5;20;6;16
cohort;1;sim-1946ec7b;1,39;CARD_FILL;95,20;100,00;100,00;100,00;72,80;85,00;3;4;0;16
cohort;1;sim-67ed5053;2,52;CARD_FILL;98,60;98,30;100,00;100,00;100,00;85,00;3;4;0;18
cohort;2;sim-851755b0;1,99;CARD_FILL;82,80;90,00;66,70;70,80;100,00;85,00;3;13;3;27
cohort;2;sim-20db7b31;2,17;CARD_FILL;87,40;71,70;100,00;100,00;100,00;75,00;5;9;1;17
cohort;2;sim-0830fb97;1,01;CARD_FILL;95,30;90,00;100,00;100,00;100,00;85,00;3;6;0;14
cohort;2;sim-530c544f;2,46;CARD_FILL;82,40;70,00;100,00;100,00;68,00;85,00;3;8;2;14
cohort;2;sim-243c2354;2,17;CARD_FILL;93,30;85,00;100,00;100,00;100,00;85,00;3;5;1;17
cohort;2;sim-1ef5d25a;1,16;CARD_FILL;53,30;51,70;33,30;44,90;88,00;75,00;5;32;8;14
cohort;2;sim-a0dcd876;2,46;CARD_FILL;90,60;78,30;100,00;100,00;100,00;85,00;3;5;1;11
cohort;2;sim-894eca37;2,89;CARD_FILL;97,90;96,70;100,00;100,00;100,00;85,00;3;5;0;11
cohort;2;sim-311e00df;1,21;CARD_FILL;62,70;78,30;33,30;56,70;67,20;65,00;7;20;5;13
cohort;2;sim-d0167b8e;1,63;CARD_FILL;93,70;96,70;100,00;100,00;75,20;75,00;5;8;0;11
cohort;2;sim-07e5c74f;2,48;CARD_FILL;87,90;96,70;66,70;83,30;100,00;85,00;3;6;1;12
cohort;2;sim-3b51bb35;1,25;CARD_FILL;93,90;88,30;100,00;100,00;95,70;85,00;3;8;0;11
cohort;2;sim-f3a84bdf;1,39;CARD_FILL;78,30;86,70;66,70;72,20;77,20;85,00;3;16;4;14
cohort;2;sim-d082092d;-0,20;CARD_FILL;81,30;70,00;100,00;100,00;63,90;75,00;5;12;2;14
cohort;2;sim-83ef945b;1,98;CARD_FILL;95,30;90,00;100,00;100,00;100,00;85,00;3;6;0;11
cohort;2;sim-c750b2ff;2,13;CARD_FILL;86,50;100,00;66,70;72,20;100,00;75,00;5;16;3;11
cohort;2;sim-09524929;1,86;CARD_FILL;84,80;96,70;66,70;83,30;82,20;75,00;5;9;1;15
cohort;2;sim-13211190;1,02;CARD_FILL;70,90;71,70;66,70;71,80;75,60;65,00;7;24;4;14
cohort;2;sim-edde3499;2,20;CARD_FILL;86,90;98,30;66,70;83,30;89,10;85,00;3;8;1;21
cohort;2;sim-d40e4eb0;2,07;CARD_FILL;76,40;73,30;66,70;83,30;85,70;85,00;3;7;3;13
cohort;2;sim-2533ce4c;2,27;CARD_FILL;97,90;96,70;100,00;100,00;100,00;85,00;3;5;0;11
cohort;2;sim-3351c542;2,23;CARD_FILL;97,90;96,70;100,00;100,00;100,00;85,00;3;5;0;11
cohort;2;sim-1946ec7b;1,99;CARD_FILL;92,80;85,00;100,00;100,00;100,00;75,00;5;7;1;12
cohort;2;sim-67ed5053;3,05;CARD_FILL;85,20;96,70;66,70;72,20;100,00;75,00;5;18;2;16
cohort;3;sim-851755b0;2,68;CARD_FILL;92,60;83,30;100,00;100,00;100,00;85,00;3;6;1;12
cohort;3;sim-20db7b31;2,61;CARD_FILL;88,00;85,00;100,00;100,00;65,20;85,00;3;7;1;12
cohort;3;sim-0830fb97;1,82;CARD_FILL;92,60;83,30;100,00;100,00;100,00;85,00;3;6;1;11
cohort;3;sim-530c544f;2,97;CARD_FILL;90,60;78,30;100,00;100,00;100,00;85,00;3;5;1;11
cohort;3;sim-243c2354;2,86;CARD_FILL;97,20;96,70;100,00;100,00;95,00;85,00;3;7;0;12
cohort;3;sim-1ef5d25a;1,90;CARD_FILL;74,70;73,30;66,70;71,80;93,10;75,00;5;20;5;11
cohort;3;sim-a0dcd876;3,06;CARD_FILL;92,70;85,00;100,00;100,00;96,10;85,00;3;6;1;17
cohort;3;sim-894eca37;3,44;CARD_FILL;89,30;80,00;100,00;100,00;87,00;85,00;3;5;1;12
cohort;3;sim-311e00df;1,83;CARD_FILL;74,10;96,70;66,70;72,20;25,90;75,00;5;21;3;12
cohort;3;sim-d0167b8e;2,03;CARD_FILL;82,40;100,00;66,70;72,20;69,40;85,00;3;15;2;11
cohort;3;sim-07e5c74f;3,09;CARD_FILL;98,60;98,30;100,00;100,00;100,00;85,00;3;4;0;11
cohort;3;sim-3b51bb35;1,93;CARD_FILL;92,60;83,30;100,00;100,00;100,00;85,00;3;6;1;12
cohort;3;sim-f3a84bdf;1,88;CARD_FILL;93,90;86,70;100,00;100,00;100,00;85,00;3;4;1;9
cohort;3;sim-d082092d;0,33;CARD_FILL;50,80;100,00;0,00;20,20;20,20;75,00;5;37;7;13
cohort;3;sim-83ef945b;2,23;CARD_FILL;87,30;70,00;100,00;100,00;100,00;85,00;3;7;2;10
cohort;3;sim-c750b2ff;2,76;CARD_FILL;89,00;85,00;100,00;100,00;71,50;85,00;3;7;1;10
cohort;3;sim-09524929;2,35;CARD_FILL;95,90;91,70;100,00;100,00;100,00;85,00;3;5;0;12
cohort;3;sim-13211190;1,50;CARD_FILL;85,30;90,00;66,70;83,30;100,00;85,00;3;9;1;12
cohort;3;sim-edde3499;2,58;CARD_FILL;98,10;98,30;100,00;100,00;100,00;75,00;5;6;0;10
cohort;3;sim-d40e4eb0;2,36;CARD_FILL;94,30;90,00;100,00;100,00;100,00;65,00;7;10;0;12
cohort;3;sim-2533ce4c;2,87;CARD_FILL;85,90;91,70;66,70;83,30;100,00;85,00;3;6;1;12
cohort;3;sim-3351c542;2,84;CARD_FILL;95,90;91,70;100,00;100,00;100,00;85,00;3;5;0;11
cohort;3;sim-1946ec7b;2,59;CARD_FILL;99,30;100,00;100,00;100,00;100,00;85,00;3;3;0;11
cohort;3;sim-67ed5053;3,58;CARD_FILL;98,60;98,30;100,00;100,00;100,00;85,00;3;4;0;9
