criterion;ai_score;teacher_score
address;83,80;69,10
classification;100,00;100,00
services;100,00;100,00
timing;100,00;84,30
language;85,00;93,50
address;82,50;65,80
classification;56,30;56,00
services;87,50;90,60
timing;90,40;75,80
language;85,00;96,00
address;97,50;80,50
classification;100,00;98,30
services;100,00;99,80
timing;100,00;83,60
language;85,00;100,00
address;96,30;78,00
classification;100,00;97,50
services;100,00;98,90
timing;98,20;88,30
language;85,00;100,00
address;77,50;59,00
classification;100,00;100,00
services;100,00;100,00
timing;100,00;87,10
language;85,00;100,00
address;87,50;70,00
classification;81,30;83,00
services;100,00;98,20
timing;100,00;82,50
language;85,00;92,60
address;93,80;76,70
classification;37,50;37,10
services;54,20;57,10
timing;77,60;66,20
language;70,00;84,10
address;92,50;74,90
classification;100,00;100,00
services;100,00;99,70
timing;100,00;84,70
language;70,00;84,40
address;95,00;73,70
classification;81,30;80,40
services;87,50;89,60
timing;83,60;72,50
language;85,00;99,90
address;88,80;69,80
classification;100,00;100,00
services;100,00;100,00
timing;91,10;78,60
language;70,00;83,00
address;78,80;64,10
classification;31,30;24,60
services;75,00;76,10
timing;85,80;75,10
language;70,00;83,50
address;92,50;74,30
classification;50,00;49,40
services;58,70;65,20
timing;91,90;79,80
language;77,50;88,90
address;97,50;80,20
classification;100,00;100,00
services;100,00;100,00
timing;41,90;39,60
language;85,00;100,00
address;83,80;65,20
classification;75,00;73,50
services;87,50;89,70
timing;100,00;90,70
language;85,00;98,30
address;82,50;69,50
classification;75,00;75,00
services;79,20;78,30
timing;88,50;74,90
language;85,00;93,80
address;82,50;69,00
classification;56,30;49,80
services;66,70;73,00
timing;96,50;78,40
language;70,00;81,00
address;97,50;79,60
classification;100,00;97,90
services;100,00;100,00
timing;81,90;70,10
language;77,50;90,50
address;100,00;86,70
classification;100,00;99,70
services;100,00;100,00
timing;100,00;85,30
language;85,00;97,60
address;67,50;49,00
classification;50,00;51,10
services;58,70;63,10
timing;94,00;80,10
language;85,00;100,00
address;96,30;84,30
classification;100,00;98,20
services;100,00;100,00
timing;100,00;87,20
language;85,00;98,80
address;100,00;80,00
classification;100,00;100,00
services;100,00;100,00
timing;100,00;84,50
language;85,00;95,00
address;97,50;79,50
classification;100,00;96,90
services;100,00;100,00
timing;100,00;86,50
language;77,50;92,50
address;96,30;82,40
classification;81,30;72,80
services;87,50;88,90
timing;100,00;85,50
language;85,00;95,80
address;92,50;77,60
classification;75,00;77,20
services;87,50;90,30
timing;81,00;67,00
language;70,00;87,10
address;100,00;83,00
classification;75,00;75,50
services;79,20;79,30
timing;80,60;72,30
language;85,00;100,00
address;93,80;73,60
classification;75,00;75,20
services;87,50;84,70
timing;78,90;69,20
language;85,00;98,90
address;93,80;74,20
classification;75,00;77,10
services;79,20;83,70
timing;61,10;50,60
language;77,50;90,90
address;97,50;78,20
classification;75,00;74,50
services;79,20;79,10
timing;63,50;54,40
language;85,00;99,40
address;81,30;69,10
classification;56,30;53,00
services;75,00;72,70
timing;100,00;84,30
language;85,00;96,80
address;97,50;81,10
classification;100,00;99,40
services;100,00;100,00
timing;87,20;79,10
language;85,00;100,00
address;73,80;60,30
classification;75,00;72,80
services;79,20;78,80
timing;54,00;47,30
language;70,00;83,70
address;88,80;68,50
classification;75,00;77,90
services;79,20;77,80
timing;84,20;74,40
language;77,50;91,60
address;95,00;73,70
classification;100,00;96,10
services;100,00;99,00
timing;100,00;88,60
language;85,00;100,00
address;88,80;75,70
classification;75,00;75,50
services;79,20;79,60
timing;81,40;69,20
language;70,00;82,70
address;77,50;63,90
classification;6,30;6,40
services;33,70;36,40
timing;57,20;54,90
language;70,00;86,50
address;82,50;66,90
classification;75,00;73,70
services;79,50;80,60
timing;76,00;66,70
language;85,00;97,90
address;87,50;70,80
classification;50,00;51,20
services;66,70;66,00
timing;88,60;74,80
language;85,00;98,80
address;97,50;81,50
classification;100,00;100,00
services;100,00;100,00
timing;100,00;87,60
language;85,00;99,40
address;87,50;70,30
classification;81,30;80,50
services;100,00;100,00
timing;79,60;67,40
language;85,00;100,00
address;83,80;68,60
classification;75,00;77,10
services;79,20;78,70
timing;95,00;83,40
language;77,50;91,40
address;87,50;69,50
classification;75,00;77,30
services;87,50;91,10
timing;81,40;70,00
language;85,00;100,00
address;97,50;83,10
classification;100,00;99,70
services;100,00;100,00
timing;100,00;83,10
language;77,50;90,50
address;81,30;66,10
classification;75,00;74,80
services;87,50;89,60
timing;79,60;69,90
language;77,50;95,10
address;92,50;79,60
classification;50,00;55,00
services;66,70;68,40
timing;76,90;66,00
language;77,50;90,80
address;78,80;61,10
classification;75,00;75,20
services;87,50;85,10
timing;86,10;65,80
language;77,50;89,00
address;83,80;68,60
classification;37,50;36,60
services;62,50;65,50
timing;80,70;71,40
language;85,00;98,90
address;97,50;81,40
classification;100,00;100,00
services;100,00;100,00
timing;90,30;75,30
language;77,50;96,80
address;88,80;73,50
classification;56,30;56,20
services;79,20;80,20
timing;86,00;70,80
language;77,50;92,80
address;77,50;61,00
classification;100,00;100,00
services;100,00;100,00
timing;80,30;71,20
language;85,00;100,00
address;72,50;55,20
classification;56,30;57,60
services;87,50;94,30
timing;96,00;81,00
language;77,50;90,60
address;68,80;53,70
classification;75,00;73,50
services;87,50;88,40
timing;100,00;83,70
language;70,00;81,70
address;92,50;71,80
classification;100,00;99,30
services;100,00;100,00
timing;100,00;85,20
language;77,50;86,30
address;87,50;70,50
classification;50,00;52,20
services;66,70;67,90
timing;86,40;74,00
language;77,50;94,40
address;87,50;73,10
classification;100,00;99,30
services;100,00;98,40
timing;88,30;76,80
language;85,00;96,70
address;82,50;69,80
classification;37,50;39,90
services;75,00;77,90
timing;66,30;58,30
language;77,50;95,20
address;82,50;61,60
classification;75,00;72,60
services;79,20;78,80
timing;100,00;86,30
language;70,00;84,20
address;88,80;72,80
classification;100,00;98,40
services;100,00;100,00
timing;94,30;79,90
language;77,50;95,30
address;88,80;73,00
classification;75,00;75,50
services;87,50;90,90
timing;97,40;76,90
language;77,50;92,20
address;63,80;48,40
classification;6,30;4,20
services;33,70;35,00
timing;33,50;30,30
language;55,00;64,70
address;77,50;62,20
classification;25,00;20,50
services;54,20;56,60
timing;46,40;43,10
language;70,00;80,40
address;68,80;53,80
classification;31,30;29,10
services;66,70;60,80
timing;76,90;66,30
language;62,50;73,40
address;68,80;49,60
classification;75,00;75,90
services;87,50;91,70
timing;77,90;66,80
language;85,00;100,00
address;78,80;61,20
classification;75,00;73,90
services;79,50;80,20
timing;65,00;55,70
language;77,50;85,30
address;77,50;60,70
classification;75,00;73,00
services;87,50;83,30
timing;69,00;57,20
language;70,00;84,20
address;88,80;72,60
classification;81,30;78,60
services;87,50;91,60
timing;100,00;88,40
language;77,50;92,60
address;82,50;65,00
classification;56,30;61,30
services;75,00;77,20
timing;100,00;86,30
language;77,50;87,30
address;87,50;72,90
classification;50,00;51,80
services;66,70;66,30
timing;86,90;74,40
language;77,50;89,90
address;87,50;68,10
classification;75,00;76,10
services;79,20;80,10
timing;80,30;71,10
language;70,00;87,60
address;92,50;78,10
classification;75,00;75,60
services;79,20;85,20
timing;79,30;67,70
language;70,00;80,60
address;52,50;39,20
classification;37,50;41,20
services;79,50;84,30
timing;94,20;79,90
language;62,50;75,30
address;77,50;61,00
classification;100,00;100,00
services;100,00;100,00
timing;86,00;77,90
language;85,00;95,10
address;87,50;72,50
classification;81,30;79,00
services;87,50;90,30
timing;94,90;80,20
language;77,50;90,10
