cohort;session_no;trainee;true_ability;scenario_id;true_difficulty;planned_address_ok;planned_type_ok;planned_language_ok;planned_in_time;address_error
sim-51446764;1;sim-51446764;1,30;ticket-03-2;0,19;false;true;true;true;TYPO
sim-51446764;1;sim-51446764;1,30;ticket-11-1;0,88;true;true;true;true;
sim-51446764;1;sim-51446764;1,30;ticket-22-1;0,33;true;false;false;false;
sim-51446764;1;sim-51446764;1,30;ticket-01-2;-0,12;true;true;true;true;
sim-b842f1a5;1;sim-b842f1a5;1,73;ticket-15-3;-0,14;true;true;true;true;
sim-b842f1a5;1;sim-b842f1a5;1,73;ticket-08-2;1,38;false;true;true;true;TYPO
sim-b842f1a5;1;sim-b842f1a5;1,73;ticket-11-1;0,88;false;true;true;false;TYPO
sim-b842f1a5;1;sim-b842f1a5;1,73;ticket-01-2;-0,12;true;true;true;true;
sim-d21b9207;1;sim-d21b9207;0,20;ticket-22-1;0,33;false;true;true;false;TYPO
sim-d21b9207;1;sim-d21b9207;0,20;ticket-17-1;0,89;false;false;false;true;TYPO
sim-d21b9207;1;sim-d21b9207;0,20;ticket-03-2;0,19;false;false;false;false;WRONG_STREET
sim-d21b9207;1;sim-d21b9207;0,20;ticket-02-2;-0,01;false;false;false;true;TYPO
sim-22294477;1;sim-22294477;1,95;ticket-01-2;-0,12;true;true;true;true;
sim-22294477;1;sim-22294477;1,95;ticket-17-1;0,89;true;true;false;true;
sim-22294477;1;sim-22294477;1,95;ticket-18-1;2,30;false;false;false;false;NO_HOUSE
sim-22294477;1;sim-22294477;1,95;ticket-08-2;1,38;true;true;true;true;
sim-891749a1;1;sim-891749a1;1,48;ticket-22-1;0,33;true;true;true;true;
sim-891749a1;1;sim-891749a1;1,48;ticket-18-1;2,30;false;false;false;false;TYPO
sim-891749a1;1;sim-891749a1;1,48;ticket-02-2;-0,01;true;true;false;true;
sim-891749a1;1;sim-891749a1;1,48;ticket-15-3;-0,14;true;true;true;true;
sim-c4397c06;1;sim-c4397c06;0,42;ticket-02-2;-0,01;false;true;true;true;NO_HOUSE
sim-c4397c06;1;sim-c4397c06;0,42;ticket-18-1;2,30;true;false;false;false;
sim-c4397c06;1;sim-c4397c06;0,42;ticket-01-2;-0,12;false;false;true;true;NO_HOUSE
sim-c4397c06;1;sim-c4397c06;0,42;ticket-22-1;0,33;true;true;true;true;
sim-ae502a47;1;sim-ae502a47;1,86;ticket-03-2;0,19;true;true;true;true;
sim-ae502a47;1;sim-ae502a47;1,86;ticket-08-2;1,38;true;false;false;true;
sim-ae502a47;1;sim-ae502a47;1,86;ticket-01-2;-0,12;true;true;true;true;
sim-ae502a47;1;sim-ae502a47;1,86;ticket-22-1;0,33;false;false;true;true;WRONG_STREET
sim-6a24003d;1;sim-6a24003d;2,34;ticket-03-2;0,19;true;true;true;true;
sim-6a24003d;1;sim-6a24003d;2,34;ticket-22-1;0,33;true;false;true;true;
sim-6a24003d;1;sim-6a24003d;2,34;ticket-08-2;1,38;false;true;true;true;TYPO
sim-6a24003d;1;sim-6a24003d;2,34;ticket-02-2;-0,01;true;true;false;true;
sim-59fa2d96;1;sim-59fa2d96;0,59;ticket-02-2;-0,01;false;true;false;true;TYPO
sim-59fa2d96;1;sim-59fa2d96;0,59;ticket-17-1;0,89;true;true;true;false;
sim-59fa2d96;1;sim-59fa2d96;0,59;ticket-18-1;2,30;false;true;false;false;TYPO
sim-59fa2d96;1;sim-59fa2d96;0,59;ticket-01-2;-0,12;true;false;true;true;
sim-c41e4ac3;1;sim-c41e4ac3;1,23;ticket-08-2;1,38;true;true;true;false;
sim-c41e4ac3;1;sim-c41e4ac3;1,23;ticket-20-1;0,06;true;true;true;true;
sim-c41e4ac3;1;sim-c41e4ac3;1,23;ticket-17-1;0,89;false;false;true;false;TYPO
sim-c41e4ac3;1;sim-c41e4ac3;1,23;ticket-18-1;2,30;false;true;false;false;TYPO
sim-74df59b8;1;sim-74df59b8;1,87;ticket-02-2;-0,01;false;true;true;true;WRONG_STREET
sim-74df59b8;1;sim-74df59b8;1,87;ticket-08-2;1,38;false;false;true;false;TYPO
sim-74df59b8;1;sim-74df59b8;1,87;ticket-15-3;-0,14;true;true;true;false;
sim-74df59b8;1;sim-74df59b8;1,87;ticket-11-1;0,88;false;true;true;true;NO_HOUSE
sim-17a717d3;1;sim-17a717d3;0,57;ticket-11-1;0,88;false;false;false;true;TYPO
sim-17a717d3;1;sim-17a717d3;0,57;ticket-01-2;-0,12;false;false;false;false;TYPO
sim-17a717d3;1;sim-17a717d3;0,57;ticket-03-2;0,19;false;false;true;true;TYPO
sim-17a717d3;1;sim-17a717d3;0,57;ticket-08-2;1,38;true;true;false;false;
sim-8472d6eb;1;sim-8472d6eb;0,90;ticket-18-1;2,30;false;false;false;false;TYPO
sim-8472d6eb;1;sim-8472d6eb;0,90;ticket-01-2;-0,12;true;false;false;false;
sim-8472d6eb;1;sim-8472d6eb;0,90;ticket-20-1;0,06;true;true;true;false;
sim-8472d6eb;1;sim-8472d6eb;0,90;ticket-15-3;-0,14;false;false;true;false;TYPO
sim-c5a012ed;1;sim-c5a012ed;-0,73;ticket-20-1;0,06;false;false;false;false;TYPO
sim-c5a012ed;1;sim-c5a012ed;-0,73;ticket-18-1;2,30;false;false;false;false;TYPO
sim-c5a012ed;1;sim-c5a012ed;-0,73;ticket-17-1;0,89;false;false;false;false;NO_HOUSE
sim-c5a012ed;1;sim-c5a012ed;-0,73;ticket-08-2;1,38;false;false;false;false;TYPO
sim-d204ace3;1;sim-d204ace3;1,73;ticket-18-1;2,30;true;true;false;true;
sim-d204ace3;1;sim-d204ace3;1,73;ticket-01-2;-0,12;true;true;true;true;
sim-d204ace3;1;sim-d204ace3;1,73;ticket-08-2;1,38;false;false;true;false;TYPO
sim-d204ace3;1;sim-d204ace3;1,73;ticket-02-2;-0,01;true;true;true;true;
sim-952f8419;1;sim-952f8419;1,50;ticket-11-1;0,88;true;true;true;true;
sim-952f8419;1;sim-952f8419;1,50;ticket-18-1;2,30;false;true;false;false;NO_HOUSE
sim-952f8419;1;sim-952f8419;1,50;ticket-08-2;1,38;false;true;true;true;NO_HOUSE
sim-952f8419;1;sim-952f8419;1,50;ticket-22-1;0,33;true;true;true;true;
sim-dd2f3d3f;1;sim-dd2f3d3f;1,37;ticket-20-1;0,06;true;true;true;true;
sim-dd2f3d3f;1;sim-dd2f3d3f;1,37;ticket-11-1;0,88;true;false;false;true;
sim-dd2f3d3f;1;sim-dd2f3d3f;1,37;ticket-17-1;0,89;false;true;true;true;NO_HOUSE
sim-dd2f3d3f;1;sim-dd2f3d3f;1,37;ticket-01-2;-0,12;false;true;false;true;TYPO
sim-b2e57c93;1;sim-b2e57c93;0,54;ticket-01-2;-0,12;true;false;true;true;
sim-b2e57c93;1;sim-b2e57c93;0,54;ticket-22-1;0,33;false;true;false;false;TYPO
sim-b2e57c93;1;sim-b2e57c93;0,54;ticket-20-1;0,06;false;false;true;false;NO_HOUSE
sim-b2e57c93;1;sim-b2e57c93;0,54;ticket-03-2;0,19;true;false;true;false;
sim-932c260c;1;sim-932c260c;1,82;ticket-17-1;0,89;true;true;true;true;
sim-932c260c;1;sim-932c260c;1,82;ticket-11-1;0,88;false;true;true;true;TYPO
sim-932c260c;1;sim-932c260c;1,82;ticket-22-1;0,33;true;true;true;false;
sim-932c260c;1;sim-932c260c;1,82;ticket-20-1;0,06;true;true;true;true;
sim-28bc42c7;1;sim-28bc42c7;1,78;ticket-08-2;1,38;true;false;true;true;
sim-28bc42c7;1;sim-28bc42c7;1,78;ticket-01-2;-0,12;true;true;true;true;
sim-28bc42c7;1;sim-28bc42c7;1,78;ticket-17-1;0,89;false;true;true;false;NO_HOUSE
sim-28bc42c7;1;sim-28bc42c7;1,78;ticket-18-1;2,30;false;false;false;false;NO_HOUSE
sim-4f259bed;1;sim-4f259bed;1,67;ticket-02-2;-0,01;true;true;false;true;
sim-4f259bed;1;sim-4f259bed;1,67;ticket-15-3;-0,14;true;true;true;true;
sim-4f259bed;1;sim-4f259bed;1,67;ticket-03-2;0,19;false;true;true;true;NO_HOUSE
sim-4f259bed;1;sim-4f259bed;1,67;ticket-22-1;0,33;true;true;true;true;
sim-5b120d49;1;sim-5b120d49;1,62;ticket-11-1;0,88;false;true;false;true;TYPO
sim-5b120d49;1;sim-5b120d49;1,62;ticket-01-2;-0,12;false;true;true;true;NO_HOUSE
sim-5b120d49;1;sim-5b120d49;1,62;ticket-08-2;1,38;true;false;true;true;
sim-5b120d49;1;sim-5b120d49;1,62;ticket-03-2;0,19;false;true;false;true;WRONG_STREET
sim-f438731e;1;sim-f438731e;1,39;ticket-15-3;-0,14;true;true;true;true;
sim-f438731e;1;sim-f438731e;1,39;ticket-18-1;2,30;false;true;false;false;NO_HOUSE
sim-f438731e;1;sim-f438731e;1,39;ticket-02-2;-0,01;false;false;true;true;TYPO
sim-f438731e;1;sim-f438731e;1,39;ticket-01-2;-0,12;false;false;true;true;TYPO
sim-1f408f51;1;sim-1f408f51;2,52;ticket-17-1;0,89;false;true;true;false;TYPO
sim-1f408f51;1;sim-1f408f51;2,52;ticket-22-1;0,33;true;true;true;true;
sim-1f408f51;1;sim-1f408f51;2,52;ticket-02-2;-0,01;true;true;true;true;
sim-1f408f51;1;sim-1f408f51;2,52;ticket-08-2;1,38;false;true;true;true;TYPO
sim-51446764;2;sim-51446764;1,99;ticket-15-3;-0,14;true;true;true;true;
sim-51446764;2;sim-51446764;1,99;ticket-18-1;2,30;false;false;true;true;TYPO
sim-51446764;2;sim-51446764;1,99;ticket-20-1;0,06;true;true;true;false;
sim-51446764;2;sim-51446764;1,99;ticket-03-2;0,19;true;false;false;true;
sim-b842f1a5;2;sim-b842f1a5;2,17;ticket-11-1;0,88;true;true;true;true;
sim-b842f1a5;2;sim-b842f1a5;2,17;ticket-03-2;0,19;true;true;true;true;
sim-b842f1a5;2;sim-b842f1a5;2,17;ticket-01-2;-0,12;true;true;false;false;
sim-b842f1a5;2;sim-b842f1a5;2,17;ticket-22-1;0,33;true;true;true;true;
sim-d21b9207;2;sim-d21b9207;1,01;ticket-22-1;0,33;true;false;true;true;
sim-d21b9207;2;sim-d21b9207;1,01;ticket-08-2;1,38;false;false;true;true;NO_HOUSE
sim-d21b9207;2;sim-d21b9207;1,01;ticket-02-2;-0,01;false;true;true;false;TYPO
sim-d21b9207;2;sim-d21b9207;1,01;ticket-20-1;0,06;true;false;true;true;
sim-22294477;2;sim-22294477;2,46;ticket-01-2;-0,12;false;true;true;true;TYPO
sim-22294477;2;sim-22294477;2,46;ticket-08-2;1,38;false;false;false;true;TYPO
sim-22294477;2;sim-22294477;2,46;ticket-02-2;-0,01;true;true;true;false;
sim-22294477;2;sim-22294477;2,46;ticket-03-2;0,19;true;true;true;true;
sim-891749a1;2;sim-891749a1;2,17;ticket-20-1;0,06;false;true;true;false;NO_HOUSE
sim-891749a1;2;sim-891749a1;2,17;ticket-11-1;0,88;true;false;true;true;
sim-891749a1;2;sim-891749a1;2,17;ticket-01-2;-0,12;true;false;true;true;
sim-891749a1;2;sim-891749a1;2,17;ticket-22-1;0,33;true;true;false;true;
sim-c4397c06;2;sim-c4397c06;1,16;ticket-22-1;0,33;true;true;true;false;
sim-c4397c06;2;sim-c4397c06;1,16;ticket-15-3;-0,14;false;false;true;true;WRONG_STREET
sim-c4397c06;2;sim-c4397c06;1,16;ticket-01-2;-0,12;true;true;true;true;
sim-c4397c06;2;sim-c4397c06;1,16;ticket-11-1;0,88;true;true;false;true;
sim-ae502a47;2;sim-ae502a47;2,46;ticket-17-1;0,89;true;true;false;true;
sim-ae502a47;2;sim-ae502a47;2,46;ticket-20-1;0,06;true;true;true;true;
sim-ae502a47;2;sim-ae502a47;2,46;ticket-01-2;-0,12;true;true;true;true;
sim-ae502a47;2;sim-ae502a47;2,46;ticket-11-1;0,88;true;true;true;true;
sim-6a24003d;2;sim-6a24003d;2,89;ticket-20-1;0,06;true;true;true;false;
sim-6a24003d;2;sim-6a24003d;2,89;ticket-15-3;-0,14;false;false;true;true;TYPO
sim-6a24003d;2;sim-6a24003d;2,89;ticket-17-1;0,89;true;true;true;true;
sim-6a24003d;2;sim-6a24003d;2,89;ticket-03-2;0,19;true;true;true;true;
sim-59fa2d96;2;sim-59fa2d96;1,21;ticket-18-1;2,30;false;false;false;true;WRONG_STREET
sim-59fa2d96;2;sim-59fa2d96;1,21;ticket-15-3;-0,14;true;true;true;false;
sim-59fa2d96;2;sim-59fa2d96;1,21;ticket-02-2;-0,01;true;true;true;true;
sim-59fa2d96;2;sim-59fa2d96;1,21;ticket-08-2;1,38;true;true;true;true;
sim-c41e4ac3;2;sim-c41e4ac3;1,63;ticket-08-2;1,38;false;true;true;false;TYPO
sim-c41e4ac3;2;sim-c41e4ac3;1,63;ticket-17-1;0,89;true;true;true;true;
sim-c41e4ac3;2;sim-c41e4ac3;1,63;ticket-22-1;0,33;true;true;true;true;
sim-c41e4ac3;2;sim-c41e4ac3;1,63;ticket-03-2;0,19;true;false;true;true;
sim-74df59b8;2;sim-74df59b8;2,48;ticket-03-2;0,19;true;true;true;true;
sim-74df59b8;2;sim-74df59b8;2,48;ticket-15-3;-0,14;true;true;true;true;
sim-74df59b8;2;sim-74df59b8;2,48;ticket-01-2;-0,12;true;true;true;true;
sim-74df59b8;2;sim-74df59b8;2,48;ticket-08-2;1,38;true;true;true;true;
sim-17a717d3;2;sim-17a717d3;1,25;ticket-03-2;0,19;true;true;true;true;
sim-17a717d3;2;sim-17a717d3;1,25;ticket-15-3;-0,14;true;false;true;true;
sim-17a717d3;2;sim-17a717d3;1,25;ticket-17-1;0,89;true;true;true;true;
sim-17a717d3;2;sim-17a717d3;1,25;ticket-18-1;2,30;false;false;true;false;TYPO
sim-8472d6eb;2;sim-8472d6eb;1,39;ticket-20-1;0,06;false;true;true;true;WRONG_STREET
sim-8472d6eb;2;sim-8472d6eb;1,39;ticket-15-3;-0,14;true;true;true;false;
sim-8472d6eb;2;sim-8472d6eb;1,39;ticket-17-1;0,89;true;false;true;true;
sim-8472d6eb;2;sim-8472d6eb;1,39;ticket-02-2;-0,01;true;true;true;true;
sim-c5a012ed;2;sim-c5a012ed;-0,20;ticket-18-1;2,30;false;false;false;false;NO_HOUSE
sim-c5a012ed;2;sim-c5a012ed;-0,20;ticket-17-1;0,89;false;false;true;true;NO_HOUSE
sim-c5a012ed;2;sim-c5a012ed;-0,20;ticket-01-2;-0,12;true;false;false;false;
sim-c5a012ed;2;sim-c5a012ed;-0,20;ticket-20-1;0,06;false;false;true;true;TYPO
sim-d204ace3;2;sim-d204ace3;1,98;ticket-22-1;0,33;false;true;true;true;TYPO
sim-d204ace3;2;sim-d204ace3;1,98;ticket-11-1;0,88;true;true;true;true;
sim-d204ace3;2;sim-d204ace3;1,98;ticket-20-1;0,06;true;true;false;false;
sim-d204ace3;2;sim-d204ace3;1,98;ticket-18-1;2,30;true;false;false;false;
sim-952f8419;2;sim-952f8419;2,13;ticket-02-2;-0,01;true;true;true;true;
sim-952f8419;2;sim-952f8419;2,13;ticket-11-1;0,88;false;true;true;true;NO_HOUSE
sim-952f8419;2;sim-952f8419;2,13;ticket-20-1;0,06;true;true;true;true;
sim-952f8419;2;sim-952f8419;2,13;ticket-03-2;0,19;true;true;true;true;
sim-dd2f3d3f;2;sim-dd2f3d3f;1,86;ticket-03-2;0,19;false;true;true;true;TYPO
sim-dd2f3d3f;2;sim-dd2f3d3f;1,86;ticket-15-3;-0,14;true;true;true;true;
sim-dd2f3d3f;2;sim-dd2f3d3f;1,86;ticket-20-1;0,06;true;true;true;true;
sim-dd2f3d3f;2;sim-dd2f3d3f;1,86;ticket-18-1;2,30;true;false;false;false;
sim-b2e57c93;2;sim-b2e57c93;1,02;ticket-01-2;-0,12;false;true;true;false;TYPO
sim-b2e57c93;2;sim-b2e57c93;1,02;ticket-08-2;1,38;false;true;false;false;NO_HOUSE
sim-b2e57c93;2;sim-b2e57c93;1,02;ticket-02-2;-0,01;false;true;true;false;TYPO
sim-b2e57c93;2;sim-b2e57c93;1,02;ticket-18-1;2,30;true;false;false;false;
sim-932c260c;2;sim-932c260c;2,20;ticket-17-1;0,89;true;true;true;true;
sim-932c260c;2;sim-932c260c;2,20;ticket-15-3;-0,14;true;true;true;false;
sim-932c260c;2;sim-932c260c;2,20;ticket-18-1;2,30;true;true;true;false;
sim-932c260c;2;sim-932c260c;2,20;ticket-02-2;-0,01;true;true;true;true;
sim-28bc42c7;2;sim-28bc42c7;2,07;ticket-01-2;-0,12;true;true;true;true;
sim-28bc42c7;2;sim-28bc42c7;2,07;ticket-08-2;1,38;true;false;true;true;
sim-28bc42c7;2;sim-28bc42c7;2,07;ticket-15-3;-0,14;true;true;true;true;
sim-28bc42c7;2;sim-28bc42c7;2,07;ticket-22-1;0,33;false;false;true;true;WRONG_STREET
sim-4f259bed;2;sim-4f259bed;2,27;ticket-02-2;-0,01;true;true;true;true;
sim-4f259bed;2;sim-4f259bed;2,27;ticket-11-1;0,88;true;false;true;false;
sim-4f259bed;2;sim-4f259bed;2,27;ticket-01-2;-0,12;true;true;true;true;
sim-4f259bed;2;sim-4f259bed;2,27;ticket-22-1;0,33;true;true;true;false;
sim-5b120d49;2;sim-5b120d49;2,23;ticket-17-1;0,89;false;true;false;false;NO_HOUSE
sim-5b120d49;2;sim-5b120d49;2,23;ticket-08-2;1,38;true;true;true;false;
sim-5b120d49;2;sim-5b120d49;2,23;ticket-03-2;0,19;true;true;true;true;
sim-5b120d49;2;sim-5b120d49;2,23;ticket-18-1;2,30;true;false;true;false;
sim-f438731e;2;sim-f438731e;1,99;ticket-20-1;0,06;true;true;true;true;
sim-f438731e;2;sim-f438731e;1,99;ticket-03-2;0,19;true;true;true;false;
sim-f438731e;2;sim-f438731e;1,99;ticket-08-2;1,38;false;false;true;false;NO_HOUSE
sim-f438731e;2;sim-f438731e;1,99;ticket-22-1;0,33;true;true;true;true;
sim-1f408f51;2;sim-1f408f51;3,05;ticket-11-1;0,88;true;true;true;true;
sim-1f408f51;2;sim-1f408f51;3,05;ticket-03-2;0,19;true;true;true;true;
sim-1f408f51;2;sim-1f408f51;3,05;ticket-20-1;0,06;true;true;true;true;
sim-1f408f51;2;sim-1f408f51;3,05;ticket-18-1;2,30;true;false;true;false;
sim-51446764;3;sim-51446764;2,68;ticket-11-1;0,88;false;true;true;true;NO_HOUSE
sim-51446764;3;sim-51446764;2,68;ticket-17-1;0,89;true;true;false;true;
sim-51446764;3;sim-51446764;2,68;ticket-08-2;1,38;true;false;false;false;
sim-51446764;3;sim-51446764;2,68;ticket-15-3;-0,14;true;true;true;true;
sim-b842f1a5;3;sim-b842f1a5;2,61;ticket-01-2;-0,12;true;true;true;true;
sim-b842f1a5;3;sim-b842f1a5;2,61;ticket-20-1;0,06;true;false;true;true;
sim-b842f1a5;3;sim-b842f1a5;2,61;ticket-22-1;0,33;true;true;true;true;
sim-b842f1a5;3;sim-b842f1a5;2,61;ticket-15-3;-0,14;true;true;true;true;
sim-d21b9207;3;sim-d21b9207;1,82;ticket-02-2;-0,01;true;true;true;true;
sim-d21b9207;3;sim-d21b9207;1,82;ticket-01-2;-0,12;true;true;true;true;
sim-d21b9207;3;sim-d21b9207;1,82;ticket-03-2;0,19;true;true;true;true;
sim-d21b9207;3;sim-d21b9207;1,82;ticket-22-1;0,33;true;true;false;true;
sim-22294477;3;sim-22294477;2,97;ticket-11-1;0,88;true;true;true;true;
sim-22294477;3;sim-22294477;2,97;ticket-02-2;-0,01;true;true;true;true;
sim-22294477;3;sim-22294477;2,97;ticket-20-1;0,06;true;true;true;true;
sim-22294477;3;sim-22294477;2,97;ticket-03-2;0,19;true;true;true;true;
sim-891749a1;3;sim-891749a1;2,86;ticket-17-1;0,89;true;true;true;true;
sim-891749a1;3;sim-891749a1;2,86;ticket-22-1;0,33;true;true;true;true;
sim-891749a1;3;sim-891749a1;2,86;ticket-11-1;0,88;true;true;true;true;
sim-891749a1;3;sim-891749a1;2,86;ticket-01-2;-0,12;true;true;true;true;
sim-c4397c06;3;sim-c4397c06;1,90;ticket-17-1;0,89;false;false;true;true;TYPO
sim-c4397c06;3;sim-c4397c06;1,90;ticket-18-1;2,30;false;false;true;true;NO_HOUSE
sim-c4397c06;3;sim-c4397c06;1,90;ticket-15-3;-0,14;true;true;true;true;
sim-c4397c06;3;sim-c4397c06;1,90;ticket-08-2;1,38;false;true;true;false;WRONG_STREET
sim-ae502a47;3;sim-ae502a47;3,06;ticket-03-2;0,19;true;true;true;true;
sim-ae502a47;3;sim-ae502a47;3,06;ticket-18-1;2,30;true;true;true;true;
sim-ae502a47;3;sim-ae502a47;3,06;ticket-02-2;-0,01;true;true;true;true;
sim-ae502a47;3;sim-ae502a47;3,06;ticket-20-1;0,06;true;true;true;true;
sim-6a24003d;3;sim-6a24003d;3,44;ticket-15-3;-0,14;true;true;true;true;
sim-6a24003d;3;sim-6a24003d;3,44;ticket-03-2;0,19;true;true;true;true;
sim-6a24003d;3;sim-6a24003d;3,44;ticket-18-1;2,30;true;true;false;false;
sim-6a24003d;3;sim-6a24003d;3,44;ticket-01-2;-0,12;true;true;true;true;
sim-59fa2d96;3;sim-59fa2d96;1,83;ticket-22-1;0,33;true;false;false;true;
sim-59fa2d96;3;sim-59fa2d96;1,83;ticket-17-1;0,89;false;true;true;true;TYPO
sim-59fa2d96;3;sim-59fa2d96;1,83;ticket-08-2;1,38;true;true;false;true;
sim-59fa2d96;3;sim-59fa2d96;1,83;ticket-18-1;2,30;false;false;true;false;NO_HOUSE
sim-c41e4ac3;3;sim-c41e4ac3;2,03;ticket-02-2;-0,01;true;true;true;true;
sim-c41e4ac3;3;sim-c41e4ac3;2,03;ticket-01-2;-0,12;true;true;true;true;
sim-c41e4ac3;3;sim-c41e4ac3;2,03;ticket-22-1;0,33;false;true;true;true;NO_HOUSE
sim-c41e4ac3;3;sim-c41e4ac3;2,03;ticket-18-1;2,30;false;false;true;false;TYPO
sim-74df59b8;3;sim-74df59b8;3,09;ticket-20-1;0,06;true;true;true;true;
sim-74df59b8;3;sim-74df59b8;3,09;ticket-18-1;2,30;true;true;true;true;
sim-74df59b8;3;sim-74df59b8;3,09;ticket-03-2;0,19;true;true;true;true;
sim-74df59b8;3;sim-74df59b8;3,09;ticket-01-2;-0,12;false;false;true;true;WRONG_STREET
sim-17a717d3;3;sim-17a717d3;1,93;ticket-08-2;1,38;true;true;true;false;
sim-17a717d3;3;sim-17a717d3;1,93;ticket-15-3;-0,14;true;true;true;false;
sim-17a717d3;3;sim-17a717d3;1,93;ticket-17-1;0,89;true;true;true;true;
sim-17a717d3;3;sim-17a717d3;1,93;ticket-03-2;0,19;true;true;true;false;
sim-8472d6eb;3;sim-8472d6eb;1,88;ticket-20-1;0,06;true;true;true;true;
sim-8472d6eb;3;sim-8472d6eb;1,88;ticket-17-1;0,89;true;false;true;true;
sim-8472d6eb;3;sim-8472d6eb;1,88;ticket-18-1;2,30;false;false;false;false;NO_HOUSE
sim-8472d6eb;3;sim-8472d6eb;1,88;ticket-01-2;-0,12;true;true;true;true;
sim-c5a012ed;3;sim-c5a012ed;0,33;ticket-20-1;0,06;false;true;false;true;TYPO
sim-c5a012ed;3;sim-c5a012ed;0,33;ticket-08-2;1,38;false;false;false;false;TYPO
sim-c5a012ed;3;sim-c5a012ed;0,33;ticket-02-2;-0,01;true;false;true;true;
sim-c5a012ed;3;sim-c5a012ed;0,33;ticket-15-3;-0,14;true;false;true;true;
sim-d204ace3;3;sim-d204ace3;2,23;ticket-18-1;2,30;false;true;false;false;TYPO
sim-d204ace3;3;sim-d204ace3;2,23;ticket-08-2;1,38;true;true;false;true;
sim-d204ace3;3;sim-d204ace3;2,23;ticket-11-1;0,88;true;true;true;false;
sim-d204ace3;3;sim-d204ace3;2,23;ticket-22-1;0,33;true;true;true;true;
sim-952f8419;3;sim-952f8419;2,76;ticket-20-1;0,06;false;false;true;false;NO_HOUSE
sim-952f8419;3;sim-952f8419;2,76;ticket-08-2;1,38;true;true;true;true;
sim-952f8419;3;sim-952f8419;2,76;ticket-03-2;0,19;true;true;true;true;
sim-952f8419;3;sim-952f8419;2,76;ticket-11-1;0,88;true;true;true;true;
sim-dd2f3d3f;3;sim-dd2f3d3f;2,35;ticket-17-1;0,89;true;true;true;true;
sim-dd2f3d3f;3;sim-dd2f3d3f;2,35;ticket-01-2;-0,12;true;true;true;true;
sim-dd2f3d3f;3;sim-dd2f3d3f;2,35;ticket-03-2;0,19;true;true;false;true;
sim-dd2f3d3f;3;sim-dd2f3d3f;2,35;ticket-18-1;2,30;false;true;false;true;NO_HOUSE
sim-b2e57c93;3;sim-b2e57c93;1,50;ticket-20-1;0,06;true;false;true;true;
sim-b2e57c93;3;sim-b2e57c93;1,50;ticket-22-1;0,33;false;false;true;true;NO_HOUSE
sim-b2e57c93;3;sim-b2e57c93;1,50;ticket-11-1;0,88;true;false;false;false;
sim-b2e57c93;3;sim-b2e57c93;1,50;ticket-08-2;1,38;true;true;false;false;
sim-932c260c;3;sim-932c260c;2,58;ticket-03-2;0,19;false;false;true;true;TYPO
sim-932c260c;3;sim-932c260c;2,58;ticket-20-1;0,06;true;true;true;true;
sim-932c260c;3;sim-932c260c;2,58;ticket-22-1;0,33;true;true;true;true;
sim-932c260c;3;sim-932c260c;2,58;ticket-01-2;-0,12;true;true;true;true;
sim-28bc42c7;3;sim-28bc42c7;2,36;ticket-20-1;0,06;false;true;true;true;TYPO
sim-28bc42c7;3;sim-28bc42c7;2,36;ticket-18-1;2,30;false;true;true;true;TYPO
sim-28bc42c7;3;sim-28bc42c7;2,36;ticket-22-1;0,33;true;true;true;true;
sim-28bc42c7;3;sim-28bc42c7;2,36;ticket-17-1;0,89;true;true;true;true;
sim-4f259bed;3;sim-4f259bed;2,87;ticket-01-2;-0,12;true;true;true;true;
sim-4f259bed;3;sim-4f259bed;2,87;ticket-22-1;0,33;true;true;true;true;
sim-4f259bed;3;sim-4f259bed;2,87;ticket-17-1;0,89;true;true;true;true;
sim-4f259bed;3;sim-4f259bed;2,87;ticket-03-2;0,19;true;true;true;false;
sim-5b120d49;3;sim-5b120d49;2,84;ticket-20-1;0,06;true;true;true;true;
sim-5b120d49;3;sim-5b120d49;2,84;ticket-22-1;0,33;true;true;true;true;
sim-5b120d49;3;sim-5b120d49;2,84;ticket-01-2;-0,12;true;true;true;true;
sim-5b120d49;3;sim-5b120d49;2,84;ticket-03-2;0,19;true;true;true;true;
sim-f438731e;3;sim-f438731e;2,59;ticket-01-2;-0,12;true;false;true;true;
sim-f438731e;3;sim-f438731e;2,59;ticket-02-2;-0,01;true;false;true;false;
sim-f438731e;3;sim-f438731e;2,59;ticket-17-1;0,89;true;true;true;true;
sim-f438731e;3;sim-f438731e;2,59;ticket-08-2;1,38;false;true;true;false;WRONG_STREET
sim-1f408f51;3;sim-1f408f51;3,58;ticket-18-1;2,30;true;true;true;true;
sim-1f408f51;3;sim-1f408f51;3,58;ticket-22-1;0,33;true;true;true;true;
sim-1f408f51;3;sim-1f408f51;3,58;ticket-03-2;0,19;false;true;true;true;NO_HOUSE
sim-1f408f51;3;sim-1f408f51;3,58;ticket-02-2;-0,01;false;true;true;true;TYPO
