trainee;true_ability;estimated_logit;standard_error;observations;passed
sim-55b7a5fe;1,99;1,38;0,72;12;9
sim-06a9f7c3;1,01;0,14;0,66;12;8
sim-1c9bde67;2,46;1,95;0,84;12;10
sim-6f001bbd;2,17;1,26;0,72;12;9
sim-048477f8;1,16;0,71;0,65;12;7
sim-8b192b83;2,46;1,82;0,84;12;10
sim-53ca2ec4;2,89;2,63;1,11;12;11
sim-19b6f238;1,21;1,36;0,70;12;8
sim-5614abd4;1,63;2,19;0,85;12;10
sim-096ab699;2,48;1,99;0,83;12;10
sim-279b38dd;1,25;0,62;0,63;12;7
sim-371fc4c5;1,39;-0,06;0,66;12;6
sim-d655706c;-0,20;-1,94;0,84;12;2
sim-0b3a0a4f;1,98;2,54;0,84;12;10
sim-d4ba83f1;2,13;2,85;1,10;12;11
sim-0e4f5c25;1,86;2,13;0,85;12;10
sim-d92bdb8d;1,02;0,35;0,66;12;7
sim-149e4cf7;2,20;2,60;1,11;12;11
sim-6d01e56f;2,07;1,22;0,67;12;8
sim-9e8240eb;2,27;2,19;1,06;12;11
sim-a43f5c3e;2,23;2,01;0,83;12;10
sim-cfccbc19;1,99;0,78;0,68;12;8
sim-b0f29524;3,05;2,00;0,88;12;10
