label;lessons;trainees;endpoint;count;p50_ms;p95_ms;max_ms
wide;30;20;teacher/scenarios;200;36;60;233
wide;30;20;trainee/results;200;17;21;27
wide;30;20;teacher/lessons/{id}/report;200;15;19;29
wide;30;20;teacher/trainees/{id}/profile;200;12;16;33
wide;30;20;teacher/lessons/{id}/monitor;200;11;15;29
wide;30;20;teacher/lessons/{id}/overview;200;7;10;26
wide;30;20;teacher/scenarios/quality;200;7;9;14
wide;30;20;teacher/lessons;200;5;7;11
wide;30;20;assessments/{id}/debrief;200;3;5;17
wide;30;20;teacher/calibration;200;4;5;14
wide;30;20;references;200;4;5;8
wide;30;20;trainee/rating;200;3;5;7
wide;30;20;admin/users;200;3;5;14
wide;30;20;assessments/{id};200;3;5;7
wide;30;20;teacher/scenarios/{id};200;4;5;8
wide;30;20;admin/audit;200;4;5;11
wide;30;20;teacher/lessons/{id};200;3;4;15
wide;30;20;admin/settings;200;2;4;6
wide;30;20;teacher/groups;200;2;4;11
wide;30;20;teacher/materials;200;2;4;5
wide;30;20;trainee/context;200;2;4;6
wide;30;20;trainee/materials;200;2;4;20
