stage;run_id;run_name;mode;kind;scenario_id;expected_total;actual_total;total_delta;expected_criteria;actual_criteria;criteria_delta_max;expected_issues;actual_issues;missing_issues;unexpected_issues;syntax_errors;db_issues;status;run_ms;setup_ms;work_ms;assess_ms;fetch_ms;http_calls;commit;recorded_at
9-calibration;R01;Заполнение без ошибок;CARD_FILL;TRAINING;ticket-02-1;100,00;100,00;0,00;address=100.0 classification=100.0 services=100.0 timing=100.0 language=100.0;address=100.0 classification=100.0 services=100.0 timing=100.0 language=100.0;0,00;;;;;0;0;OK;260;207;37;15;13;11;;2026-09-22T23:21:33.225461330Z
9-calibration;R02;Опечатка в названии улицы;CARD_FILL;TRAINING;ticket-02-1;84,00;84,00;0,00;address=60.0 classification=100.0 services=100.0 timing=100.0 language=100.0;address=60.0 classification=100.0 services=100.0 timing=100.0 language=100.0;0,00;ADDRESS_STREET_MISMATCH;ADDRESS_STREET_MISMATCH;;;0;1;OK;232;181;34;15;15;11;;2026-09-22T23:21:33.458107552Z
9-calibration;R03;Совершенно другая улица;CARD_FILL;TRAINING;ticket-02-1;76,00;76,00;0,00;address=40.0 classification=100.0 services=100.0 timing=100.0 language=100.0;address=40.0 classification=100.0 services=100.0 timing=100.0 language=100.0;0,00;ADDRESS_STREET_WRONG;ADDRESS_STREET_WRONG;;;0;1;OK;231;184;34;13;12;11;;2026-09-22T23:21:33.690486649Z
9-calibration;R04;Не указаны дом и корпус;CARD_FILL;TRAINING;ticket-02-1;90,00;90,00;0,00;address=75.0 classification=100.0 services=100.0 timing=100.0 language=100.0;address=75.0 classification=100.0 services=100.0 timing=100.0 language=100.0;0,00;ADDRESS_DETAIL_MISMATCH,ADDRESS_HOUSE_MISSING;ADDRESS_DETAIL_MISMATCH,ADDRESS_HOUSE_MISSING;;;0;2;OK;226;177;33;15;15;11;;2026-09-22T23:21:33.917573924Z
9-calibration;R05;Неверный тип происшествия;CARD_FILL;TRAINING;ticket-02-1;61,70;61,70;0,00;address=100.0 classification=0.0 services=8.3 timing=100.0 language=100.0;address=100.0 classification=0.0 services=8.3 timing=100.0 language=100.0;0,00;INCIDENT_TYPE_MISMATCH,SERVICE_MISSING;INCIDENT_TYPE_MISMATCH,SERVICE_MISSING;;;0;12;OK;259;194;41;18;22;11;;2026-09-22T23:21:34.177596538Z
9-calibration;R06;Небрежный набор описания;CARD_FILL;TRAINING;ticket-02-1;98,50;98,50;0,00;address=100.0 classification=100.0 services=100.0 timing=100.0 language=70.0;address=100.0 classification=100.0 services=100.0 timing=100.0 language=70.0;0,00;LANGUAGE;LANGUAGE;;;2;2;OK;250;193;39;16;16;11;;2026-09-22T23:21:34.429063921Z
9-calibration;R07;Пропущен входящий вызов;CARD_FILL;TRAINING;ticket-02-1;98,50;98,50;0,00;address=100.0 classification=100.0 services=100.0 timing=90.0 language=100.0;address=100.0 classification=100.0 services=100.0 timing=90.0 language=100.0;0,00;CALL_MISSED;CALL_MISSED;;;0;1;OK;217;177;28;13;12;11;;2026-09-22T23:21:34.647142964Z
9-calibration;R08;Просрочен норматив 3 минуты;CARD_FILL;TRAINING;ticket-02-1;92,50;92,50;0,00;address=100.0 classification=100.0 services=100.0 timing=50.0 language=100.0;address=100.0 classification=100.0 services=100.0 timing=50.0 language=100.0;0,00;PROCESSING_OVERDUE;PROCESSING_OVERDUE;;;0;1;OK;201;164;24;10;12;11;;2026-09-22T23:21:34.849325550Z
9-calibration;R09;ДДС: корректная отработка карточки;CARD_ACTIONS;TRAINING;ticket-04-1;100,00;100,00;0,00;timing=100.0 actions=100.0 communication=100.0 language=100.0;timing=100.0 actions=100.0 communication=100.0 language=100.0;0,00;;;;;0;0;OK;1589;177;1388;13;9;40;;2026-09-22T23:21:36.439515352Z
9-calibration;R10;ДДС: отказ от профильного происшествия;CARD_ACTIONS;TRAINING;ticket-04-1;72,00;72,00;0,00;timing=100.0 actions=30.0 communication=100.0 language=100.0;timing=100.0 actions=30.0 communication=100.0 language=100.0;0,00;REFUSED_PROFILE_INCIDENT;REFUSED_PROFILE_INCIDENT;;;0;1;OK;190;154;15;8;11;12;;2026-09-22T23:21:36.630666653Z
9-calibration;R11;Три вводные подряд в одном занятии;CARD_FILL;TRAINING;ticket-02-1;100,00;100,00;0,00;address=100.0 classification=100.0 services=100.0 timing=100.0 language=100.0;address=100.0 classification=100.0 services=100.0 timing=100.0 language=100.0;0,00;;;;;0;0;OK;239;162;64;10;11;17;;2026-09-22T23:21:36.870139188Z
9-calibration;R12;Другая реальная улица, похожая на эталон;CARD_FILL;TRAINING;ticket-11-2;76,00;76,00;0,00;address=40.0 classification=100.0 services=100.0 timing=100.0 language=100.0;address=40.0 classification=100.0 services=100.0 timing=100.0 language=100.0;0,00;ADDRESS_STREET_WRONG;ADDRESS_STREET_WRONG;;;0;1;OK;241;173;53;16;14;11;;2026-09-22T23:21:37.112472085Z
9-calibration;R13;Тип ошибочен, но категория верна;CARD_FILL;TRAINING;ticket-02-1;77,00;77,00;0,00;address=100.0 classification=25.0 services=60.0 timing=100.0 language=100.0;address=100.0 classification=25.0 services=60.0 timing=100.0 language=100.0;0,00;INCIDENT_TYPE_MISMATCH,SERVICE_MISSING;INCIDENT_TYPE_MISMATCH,SERVICE_MISSING;;;0;4;OK;193;159;23;10;10;11;;2026-09-22T23:21:37.306382119Z
9-calibration;R14;ДДС: отписка вместо комментария;CARD_ACTIONS;TRAINING;ticket-04-1;69,80;69,80;0,00;timing=100.0 actions=30.0 communication=85.0 language=100.0;timing=100.0 actions=30.0 communication=85.0 language=100.0;0,00;COMMENT_INCOMPLETE,REFUSED_PROFILE_INCIDENT;COMMENT_INCOMPLETE,REFUSED_PROFILE_INCIDENT;;;0;2;OK;210;167;19;11;12;12;;2026-09-22T23:21:37.517499380Z
