stage;run_id;run_name;mode;kind;scenario_id;expected_total;actual_total;total_delta;expected_criteria;actual_criteria;criteria_delta_max;expected_issues;actual_issues;missing_issues;unexpected_issues;syntax_errors;status;run_ms;setup_ms;work_ms;assess_ms;fetch_ms;http_calls;commit;recorded_at
1-language-fix;R01;Заполнение без ошибок;CARD_FILL;TRAINING;ticket-02-1;100,00;100,00;0,00;address=100.0 classification=100.0 services=100.0 timing=100.0 language=100.0;address=100.0 classification=100.0 services=100.0 timing=100.0 language=100.0;0,00;;;;;0;OK;752;484;87;91;88;11;20dfc99;2026-09-22T21:38:27.669393906Z
1-language-fix;R02;Опечатка в названии улицы;CARD_FILL;TRAINING;ticket-02-1;84,00;84,00;0,00;address=60.0 classification=100.0 services=100.0 timing=100.0 language=100.0;address=60.0 classification=100.0 services=100.0 timing=100.0 language=100.0;0,00;ADDRESS_STREET_MISMATCH;ADDRESS_STREET_MISMATCH;;;0;OK;294;228;27;20;18;11;20dfc99;2026-09-22T21:38:27.964920126Z
1-language-fix;R03;Совершенно другая улица;CARD_FILL;TRAINING;ticket-02-1;76,00;76,00;0,00;address=40.0 classification=100.0 services=100.0 timing=100.0 language=100.0;address=40.0 classification=100.0 services=100.0 timing=100.0 language=100.0;0,00;ADDRESS_STREET_WRONG;ADDRESS_STREET_WRONG;;;0;OK;265;202;27;18;16;11;20dfc99;2026-09-22T21:38:28.230971253Z
1-language-fix;R04;Не указаны дом и корпус;CARD_FILL;TRAINING;ticket-02-1;90,00;90,00;0,00;address=75.0 classification=100.0 services=100.0 timing=100.0 language=100.0;address=75.0 classification=100.0 services=100.0 timing=100.0 language=100.0;0,00;ADDRESS_DETAIL_MISMATCH,ADDRESS_HOUSE_MISSING;ADDRESS_DETAIL_MISMATCH,ADDRESS_HOUSE_MISSING;;;0;OK;259;200;23;19;17;11;20dfc99;2026-09-22T21:38:28.491099837Z
1-language-fix;R05;Неверный тип происшествия;CARD_FILL;TRAINING;ticket-02-1;61,70;61,70;0,00;address=100.0 classification=0.0 services=8.3 timing=100.0 language=100.0;address=100.0 classification=0.0 services=8.3 timing=100.0 language=100.0;0,00;INCIDENT_TYPE_MISMATCH,SERVICE_MISSING;INCIDENT_TYPE_MISMATCH,SERVICE_MISSING;;;0;OK;256;196;20;16;23;11;20dfc99;2026-09-22T21:38:28.747814015Z
1-language-fix;R06;Небрежный набор описания;CARD_FILL;TRAINING;ticket-02-1;98,50;98,50;0,00;address=100.0 classification=100.0 services=100.0 timing=100.0 language=70.0;address=100.0 classification=100.0 services=100.0 timing=100.0 language=70.0;0,00;LANGUAGE;LANGUAGE;;;2;OK;278;214;24;22;16;11;20dfc99;2026-09-22T21:38:29.027072671Z
1-language-fix;R07;Пропущен входящий вызов;CARD_FILL;TRAINING;ticket-02-1;98,50;98,50;0,00;address=100.0 classification=100.0 services=100.0 timing=90.0 language=100.0;address=100.0 classification=100.0 services=100.0 timing=90.0 language=100.0;0,00;CALL_MISSED;CALL_MISSED;;;0;OK;229;181;21;12;13;11;20dfc99;2026-09-22T21:38:29.257257675Z
1-language-fix;R08;Просрочен норматив 3 минуты;CARD_FILL;TRAINING;ticket-02-1;92,50;92,50;0,00;address=100.0 classification=100.0 services=100.0 timing=50.0 language=100.0;address=100.0 classification=100.0 services=100.0 timing=50.0 language=100.0;0,00;PROCESSING_OVERDUE;PROCESSING_OVERDUE;;;0;OK;229;183;17;15;12;11;20dfc99;2026-09-22T21:38:29.486914145Z
1-language-fix;R09;ДДС: корректная отработка карточки;CARD_ACTIONS;TRAINING;ticket-04-1;100,00;100,00;0,00;timing=100.0 actions=100.0 communication=100.0 language=100.0;timing=100.0 actions=100.0 communication=100.0 language=100.0;0,00;;;;;0;OK;1759;181;1540;17;19;39;20dfc99;2026-09-22T21:38:31.246675249Z
1-language-fix;R10;ДДС: отказ от профильного происшествия;CARD_ACTIONS;TRAINING;ticket-04-1;72,00;72,00;0,00;timing=100.0 actions=30.0 communication=100.0 language=100.0;timing=100.0 actions=30.0 communication=100.0 language=100.0;0,00;REFUSED_PROFILE_INCIDENT;REFUSED_PROFILE_INCIDENT;;;0;OK;308;259;23;11;15;12;20dfc99;2026-09-22T21:38:31.555485521Z
